Destination Port,Flow Duration,Total Fwd Packets,Total Backward Packets,Total Length of Fwd Packets,Total Length of Bwd Packets,Fwd Packet Length Max,Fwd Packet Length Min,Fwd Packet Length Mean,Fwd Packet Length Std,Bwd Packet Length Max,Bwd Packet Length Min,Bwd Packet Length Mean,Bwd Packet Length Std,Flow Bytes/s,Flow Packets/s,Flow IAT Mean,Flow IAT Std,Flow IAT Max,Flow IAT Min,Fwd IAT Total,Fwd IAT Mean,Fwd IAT Std,Fwd IAT Max,Fwd IAT Min,Bwd IAT Total,Bwd IAT Mean,Bwd IAT Std,Bwd IAT Max,Bwd IAT Min,Fwd PSH Flags,Fwd Header Length,Bwd Header Length,Fwd Packets/s,Bwd Packets/s,Min Packet Length,Max Packet Length,Packet Length Mean,Packet Length Std,Packet Length Variance,FIN Flag Count,SYN Flag Count,PSH Flag Count,ACK Flag Count,URG Flag Count,Down/Up Ratio,Average Packet Size,Avg Fwd Segment Size,Avg Bwd Segment Size,Subflow Fwd Packets,Subflow Fwd Bytes,Subflow Bwd Packets,Subflow Bwd Bytes,Init_Win_bytes_forward,Init_Win_bytes_backward,act_data_pkt_fwd,min_seg_size_forward,Active Mean,Active Std,Active Max,Active Min,Idle Mean,Idle Std,Idle Max,Idle Min,Is_Malicious
53,82600792,2,2,90,236,50,40,45.0,7.071067812,132,104,118.0,19.79898987,3.946693392,0.048425686,27500000.0,47500000.0,82400000,60699,82400000,82400000.0,0.0,82400000,82400000,82500000,82500000.0,0.0,82500000,82500000,0,40,52,0.024212843,0.024212843,40,132,73.2,42.27528829,1787.2,0,0,0,0,0,1,91.5,45.0,118.0,2,90,2,236,-1,-1,1,20,60699.0,0.0,60699,60699,82400000.0,0.0,82400000,82400000,0
443,209,2,0,0,0,0,0,0.0,0.0,0,0,0.0,0.0,0.0,9569.3779904306,209.0,0.0,209,209,209,209.0,0.0,209,209,0,0.0,0.0,0,0,0,64,0,9569.3779904306,0.0,0,0,0.0,0.0,0.0,0,0,0,1,0,0,0.0,0.0,0.0,2,0,0,0,613,-1,0,32,0.0,0.0,0,0,0.0,0.0,0,0,0
443,8009015,109,182,8905,313097,792,0,81.69724771,191.168798,4344,0,1720.313187,807.8946076,40204.94405,36.33405606,27617.2931,295005.0903,5000597,1,3008418,27855.72222,52329.26905,235534,48,7899216,43642.07735,374058.9728,5000756,1,0,3496,5832,13.60966361,22.72439245,0,4344,1102.746575,1026.036117,1052750.114,0,0,1,0,0,1,1106.536082,81.69724771,1720.313187,109,8905,182,313097,29200,401,18,32,0.0,0.0,0,0,0.0,0.0,0,0,0
54183,129,1,1,6,6,6,6,6.0,0.0,6,6,6.0,0.0,93023.25581,15503.87597,129.0,0.0,129,129,0,0.0,0.0,0,0,0,0.0,0.0,0,0,0,20,20,7751.937984,7751.937984,6,6,6.0,0.0,0.0,0,0,0,1,1,1,9.0,6.0,6.0,1,6,1,6,29,256,0,20,0.0,0.0,0,0,0.0,0.0,0,0,0
8080,104882,4,3,207,134,195,0,51.75,95.54187564,128,0,44.66666667,72.23111056,3251.272859,66.74167159,17480.33333,41779.5816,102760,20,104882,34960.66667,59970.78763,104208,20,103433,51716.5,72186.40997,102760,673,0,92,72,38.13809805,28.60357354,0,195,42.625,75.57576615,5711.696429,0,0,1,0,0,0,48.71428571,51.75,44.66666667,4,207,3,134,8192,237,3,20,0.0,0.0,0,0,0.0,0.0,0,0,1
8080,63453,4,3,206,134,194,0,51.5,95.04209594,128,0,44.66666667,72.23111056,5358.296692,110.3178731,10575.5,24752.40184,61095,47,63453,21151.0,36084.8321,62817,47,61854,30927.0,42663.99475,61095,759,0,92,72,63.03878461,47.27908846,0,194,42.5,75.2880184,5668.285714,0,0,1,0,0,0,48.57142857,51.5,44.66666667,4,206,3,134,8192,237,3,20,0.0,0.0,0,0,0.0,0.0,0,0,1
8080,68082,4,3,207,134,195,0,51.75,95.54187564,128,0,44.66666667,72.23111056,5008.66602,102.817191,11347.0,25980.81016,64346,19,68082,22694.0,38734.2468,67419,19,64969,32484.5,45058.96542,64346,623,0,92,72,58.75268059,44.06451044,0,195,42.625,75.57576615,5711.696429,0,0,1,0,0,0,48.71428571,51.75,44.66666667,4,207,3,134,8192,237,3,20,0.0,0.0,0,0,0.0,0.0,0,0,1
3013,21,1,1,6,6,6,6,6.0,0.0,6,6,6.0,0.0,571428.5714,95238.09524,21.0,0.0,21,21,0,0.0,0.0,0,0,0,0.0,0.0,0,0,0,20,20,47619.04762,47619.04762,6,6,6.0,0.0,0.0,0,0,0,1,1,1,9.0,6.0,6.0,1,6,1,6,237,16393,0,20,0.0,0.0,0,0,0.0,0.0,0,0,1
21,4,2,0,14,0,14,0,7.0,9.899494937,0,0,0.0,0.0,3500000.0,500000.0,4.0,0.0,4,4,4,4.0,0.0,4,4,0,0.0,0.0,0,0,1,64,0,500000.0,0.0,0,14,9.333333333,8.082903769,65.33333333,0,1,0,1,0,0,14.0,7.0,0.0,2,14,0,0,229,-1,0,32,0.0,0.0,0,0,0.0,0.0,0,0,1
21,8302611,9,15,108,188,23,0,12.0,9.682458366,34,0,12.53333333,14.54975045,35.65143543,2.890656927,360983.087,935412.1272,2840578,1,5684480,710560.0,1313289.388,2883066,1,8302473,593033.7857,1154374.762,2840578,4,0,296,488,1.083996348,1.806660579,0,34,11.84,12.68424219,160.89,0,0,1,0,0,1,12.33333333,12.0,12.53333333,9,108,15,188,29200,227,6,32,0.0,0.0,0,0,0.0,0.0,0,0,1
21,3,2,0,14,0,14,0,7.0,9.899494937,0,0,0.0,0.0,4666666.667,666666.6667,3.0,0.0,3,3,3,3.0,0.0,3,3,0,0.0,0.0,0,0,1,64,0,666666.6667,0.0,0,14,9.333333333,8.082903769,65.33333333,0,1,0,1,0,0,14.0,7.0,0.0,2,14,0,0,229,-1,0,32,0.0,0.0,0,0,0.0,0.0,0,0,1
21,3,2,0,14,0,14,0,7.0,9.899494937,0,0,0.0,0.0,4666666.667,666666.6667,3.0,0.0,3,3,3,3.0,0.0,3,3,0,0.0,0.0,0,0,1,64,0,666666.6667,0.0,0,14,9.333333333,8.082903769,65.33333333,0,1,0,1,0,0,14.0,7.0,0.0,2,14,0,0,229,-1,0,32,0.0,0.0,0,0,0.0,0.0,0,0,1
80,2297055,5,0,30,0,6,6,6.0,0.0,0,0,0.0,0.0,13.060201,2.176700166,574263.75,1148524.167,2297050,0,2297055,574263.75,1148524.167,2297050,0,0,0.0,0.0,0,0,0,100,0,2.176700166,0.0,6,6,6.0,0.0,0.0,0,0,0,1,0,0,7.2,6.0,0.0,5,30,0,0,256,-1,4,20,0.0,0.0,0,0,0.0,0.0,0,0,1
80,2674009,4,0,24,0,6,6,6.0,0.0,0,0,0.0,0.0,8.975287667,1.495881278,891336.3333,1542977.335,2673013,1,2674009,891336.3333,1542977.335,2673013,1,0,0.0,0.0,0,0,0,80,0,1.495881278,0.0,6,6,6.0,0.0,0.0,0,0,0,1,0,0,7.5,6.0,0.0,4,24,0,0,256,-1,3,20,0.0,0.0,0,0,0.0,0.0,0,0,1
80,9354729,4,0,24,0,6,6,6.0,0.0,0,0,0.0,0.0,2.565547329,0.427591222,3118243.0,5400953.574,9354727,1,9354729,3118243.0,5400953.574,9354727,1,0,0.0,0.0,0,0,0,80,0,0.427591222,0.0,6,6,6.0,0.0,0.0,0,0,0,1,0,0,7.5,6.0,0.0,4,24,0,0,256,-1,3,20,2.0,0.0,2,2,9354727.0,0.0,9354727,9354727,1
80,3436943,5,0,30,0,6,6,6.0,0.0,0,0,0.0,0.0,8.728687092,1.454781182,859235.75,1716467.681,3433937,1,3436943,859235.75,1716467.681,3433937,1,0,0.0,0.0,0,0,0,100,0,1.454781182,0.0,6,6,6.0,0.0,0.0,0,0,0,1,0,0,7.2,6.0,0.0,5,30,0,0,256,-1,4,20,0.0,0.0,0,0,0.0,0.0,0,0,1
80,1,2,0,0,0,0,0,0.0,0.0,0,0,0.0,0.0,0.0,2000000.0,1.0,0.0,1,1,1,1.0,0.0,1,1,0,0.0,0.0,0,0,0,64,0,2000000.0,0.0,0,0,0.0,0.0,0.0,0,0,0,1,0,0,0.0,0.0,0.0,2,0,0,0,274,-1,0,32,0.0,0.0,0,0,0.0,0.0,0,0,1
80,11013,3,1,18,0,6,6,6.0,0.0,0,0,0.0,0.0,1634.432035,363.2071189,3671.0,6226.278744,10860,4,11013,5506.5,7781.710127,11009,4,0,0.0,0.0,0,0,0,60,32,272.4053391,90.80177971,0,6,4.8,2.683281573,7.2,1,0,0,0,0,0,6.0,6.0,0.0,3,18,1,0,0,235,2,20,0.0,0.0,0,0,0.0,0.0,0,0,1
80,4,2,0,0,0,0,0,0.0,0.0,0,0,0.0,0.0,0.0,500000.0,4.0,0.0,4,4,4,4.0,0.0,4,4,0,0.0,0.0,0,0,0,64,0,500000.0,0.0,0,0,0.0,0.0,0.0,0,0,0,1,0,0,0.0,0.0,0.0,2,0,0,0,251,-1,0,32,0.0,0.0,0,0,0.0,0.0,0,0,1
80,99764076,5,5,342,11595,330,0,68.4,146.2696141,8688,0,2319.0,3776.347044,119.6522885,0.100236482,11100000.0,33200000.0,99700000,2,99700000,24900000.0,49800000.0,99700000,2,99800000,24900000.0,49900000.0,99700000,161,0,144,168,0.050118241,0.050118241,0,8688,1085.727273,2665.973747,7107416.018,1,0,0,0,0,1,1194.3,68.4,2319.0,5,342,5,11595,0,235,2,20,13992.0,0.0,13992,13992,99700000.0,0.0,99700000,99700000,1
444,99912925,26,26,6674,156,1164,6,256.6923077,366.0205207,6,6,6.0,0.0,68.35952406,0.520453185,1959076.961,8638857.306,55000000,32,99900000,3996503.52,12100000.0,55000000,512,99900000,3996499.4,12100000.0,55000000,550,1,520,520,0.260226592,0.260226592,6,1164,130.0,283.2257865,80216.84615,0,1,0,1,0,1,132.5,256.6923077,6.0,26,6674,26,156,255,1452,25,20,631225.6667,94442.97423,740279,576642,32500000.0,19500000.0,55000000,20900000,1
444,78233714,48,52,12042,586,1460,0,250.875,422.7945341,267,0,11.26923077,36.2470366,161.4137864,1.278221305,790239.5354,3643348.334,29500000,1,78200000,1664536.872,5176657.015,29500000,4,78200000,1533983.02,4985581.973,29500000,1,0,972,1052,0.613546226,0.664675079,0,1460,125.029703,314.9169241,99172.66911,0,0,1,0,0,1,126.28,250.875,11.26923077,48,12042,52,586,8192,538,47,20,2024843.8,3093999.209,7461188,3051,13600000.0,10200000.0,29500000,5662979,1
444,86726608,1775,1775,785275,10650,1274,6,442.4084507,251.4469546,6,6,6.0,0.0,9177.402626,40.93322778,24436.91406,502642.9002,28800000,20,86700000,48886.20913,711050.767,28900000,413,86700000,48887.41657,710231.7432,28800000,526,1,35500,35500,20.46661389,20.46661389,6,1274,224.16784,281.447616,79212.76055,0,1,0,1,0,1,224.2309859,442.4084507,6.0,1775,785275,1775,10650,255,3977,1774,20,23100000.0,26100000.0,41600000,4649995,17400000.0,16200000.0,28800000,5953706,1
444,25009948,34,32,13504,192,1460,6,397.1764706,509.4611218,6,6,6.0,0.0,547.6220902,2.638949909,384768.4308,2445453.426,19400000,1,25000000,757867.6364,3416248.524,19400000,3,25000000,806760.2258,3522363.739,19400000,1,1,680,640,1.359459044,1.279490865,6,1460,204.9552239,410.4071309,168434.0131,0,1,0,1,0,0,208.0606061,397.1764706,6.0,34,13504,32,192,255,1452,33,20,5045921.0,0.0,5045921,5045921,19400000.0,0.0,19400000,19400000,1
9,49,1,1,2,6,2,2,2.0,0.0,6,6,6.0,0.0,163265.3061,40816.32653,49.0,0.0,49,49,0,0.0,0.0,0,0,0,0.0,0.0,0,0,0,24,20,20408.16327,20408.16327,2,6,3.333333333,2.309401077,5.333333333,0,0,1,0,0,1,5.0,2.0,6.0,1,2,1,6,1024,0,0,24,0.0,0.0,0,0,0.0,0.0,0,0,1
32779,20,1,1,0,6,0,0,0.0,0.0,6,6,6.0,0.0,300000.0,100000.0,20.0,0.0,20,20,0,0.0,0.0,0,0,0,0.0,0.0,0,0,0,40,20,50000.0,50000.0,0,6,2.0,3.464101615,12.0,0,0,1,0,0,1,3.0,0.0,6.0,1,0,1,6,29200,0,0,40,0.0,0.0,0,0,0.0,0.0,0,0,1
541,43,1,1,2,6,2,2,2.0,0.0,6,6,6.0,0.0,186046.5116,46511.62791,43.0,0.0,43,43,0,0.0,0.0,0,0,0,0.0,0.0,0,0,0,24,20,23255.81395,23255.81395,2,6,3.333333333,2.309401077,5.333333333,0,0,1,0,0,1,5.0,2.0,6.0,1,2,1,6,1024,0,0,24,0.0,0.0,0,0,0.0,0.0,0,0,1
2038,44,1,1,2,6,2,2,2.0,0.0,6,6,6.0,0.0,181818.1818,45454.54545,44.0,0.0,44,44,0,0.0,0.0,0,0,0,0.0,0.0,0,0,0,24,20,22727.27273,22727.27273,2,6,3.333333333,2.309401077,5.333333333,0,0,1,0,0,1,5.0,2.0,6.0,1,2,1,6,1024,0,0,24,0.0,0.0,0,0,0.0,0.0,0,0,1
80,5142251,3,1,0,0,0,0,0.0,0.0,0,0,0.0,0.0,0.0,0.777869458,1714083.667,2968287.644,5141567,153,5142251,2571125.5,3635153.231,5141567,684,0,0.0,0.0,0,0,0,104,40,0.583402094,0.194467365,0,0,0.0,0.0,0.0,0,0,1,0,0,0,0.0,0.0,0.0,3,0,1,0,29200,28960,0,32,0.0,0.0,0,0,0.0,0.0,0,0,1
80,5934163,3,1,0,0,0,0,0.0,0.0,0,0,0.0,0.0,0.0,0.674063048,1978054.333,3425276.562,5933223,93,5934163,2967081.5,4194757.537,5933223,940,0,0.0,0.0,0,0,0,104,40,0.505547286,0.168515762,0,0,0.0,0.0,0.0,0,0,1,0,0,0,0.0,0.0,0.0,3,0,1,0,29200,28960,0,32,0.0,0.0,0,0,0.0,0.0,0,0,1
80,5199490,3,1,0,0,0,0,0.0,0.0,0,0,0.0,0.0,0.0,0.76930622,1733163.333,3001172.661,5198619,105,5199490,2599745.0,3675362.858,5198619,871,0,0.0,0.0,0,0,0,104,40,0.576979665,0.192326555,0,0,0.0,0.0,0.0,0,0,1,0,0,0,0.0,0.0,0.0,3,0,1,0,29200,28960,0,32,0.0,0.0,0,0,0.0,0.0,0,0,1
80,5470330,3,1,0,0,0,0,0.0,0.0,0,0,0.0,0.0,0.0,0.731217312,1823443.333,3157584.638,5469508,127,5470330,2735165.0,3866944.955,5469508,822,0,0.0,0.0,0,0,0,104,40,0.548412984,0.182804328,0,0,0.0,0.0,0.0,0,0,1,0,0,0,0.0,0.0,0.0,3,0,1,0,29200,28960,0,32,0.0,0.0,0,0,0.0,0.0,0,0,1
